mint,symbol,discovered_at,decision_time,observation_started_at,observation_exit_reason,tier1_passed,tier1_reason,rejection_reason,lp_locked_burned,age_minutes,liquidity_usd,market_cap_usd,buys,sells,wash_multiplier,buy_sell_ratio,total_txns,lp_burn_pct,n_snaps,price_first,price_peak,price_last,liq_first,liq_last,peak_return,final_return,post_accept_return_5m,post_accept_return_15m,post_accept_return_30m,post_accept_return_full,post_reject_return_5m,post_reject_return_15m,post_reject_return_30m,post_reject_return_full,scorer_score,scorer_bp_trend,scorer_vm_trend,scorer_reason,scorer_version,scorer_bp_component,scorer_vm_component,scorer_vlr_component,scorer_bp_p1,scorer_bp_p2,scorer_bp_p3,scorer_vm_p1,scorer_vm_p2,scorer_vm_p3,s1_buy_pressure,s1_reason
6iVQbtBvYCrxaCTy3C8TQsAn81KoATHspqRPpkoVpump,LEGO,2026-09-20T07:39:22.099449+00:00,2026-09-20T07:39:22.099449+00:00,,,False,WASH_TRADING,TIER2_DISCARD:score=4.19,True,0.62,49481.61601370505,320378.14439746685,34,0,34.0,,34,100,3,0.000321819156,0.000332138741,0.000332138741,49592.771738,50390.181285,0.032066409993319445,0.032066409993319445,0.032066409993319445,0.032066409993319445,0.032066409993319445,0.032066409993319445,,,,,4.19,FLAT,FLAT,discard,,,,,,,,,,,,
JBuZGvh6Kf6NSUarom37cqtfg1vUVKv29anAJDc7Gaof,SpaceX,2026-09-20T07:39:22.282310+00:00,2026-09-20T07:39:22.282310+00:00,,,False,LP_NOT_BURNED,OBSERVE_WINDOW_ELAPSED,False,3.09,22501.372034247273,56364.44944951214,305,2,152.5,152.5,307,0,3,5.636808e-05,5.6502369e-05,5.6502369e-05,22502.097695,22532.724509,0.0023823589520877153,0.0023823589520877153,0.0023823589520877153,0.0023823589520877153,0.0023823589520877153,0.0023823589520877153,,,,,,,,,,,,,,,,,,,,
D8xF2LHWCwA413REGLRHbq1Ppm8T3QoAr37kmwf4pump,NICKI,2026-09-20T07:39:22.510022+00:00,2026-09-20T07:39:22.510022+00:00,,,True,,TIER2_DISCARD:score=4.55,True,5.51,71357.27781301423,665951.499686997,1632,1303,1.2525,1.2524942440521873,2935,100,5,0.000695262219,0.000768768455,0.000129532241,72925.770024,31530.762223,0.10572447918387473,-0.8136929672572932,0.10572447918387473,0.10572447918387473,0.10572447918387473,0.10572447918387473,,,,,4.55,FLAT,DECELERATING,discard,,,,,,,,,,,0.5552,skip_no_signal
3XfwgXJSsGonXn2myxt4icQdJi9hKdyTWUuPPhqGe1rk,PORNHUB,2026-09-20T07:39:22.669965+00:00,2026-09-20T07:39:22.669965+00:00,,,False,LP_NOT_BURNED,OBSERVE_WINDOW_ELAPSED,False,5.82,25582.880841041155,68512.71218023279,3940,73,53.9726,53.97260273972603,4013,0,2,6.883483e-05,6.883483e-05,6.8750198e-05,25648.146027,25633.22925,0.0,-0.0012294938478093487,0.0,0.0,0.0,0.0,,,,,,,,,,,,,,,,,,,,
GrQJ1BqS8oUSvmxnara8rG3Fgrw5hF2UvGMp4GFpump,neet,2026-09-20T07:39:22.801062+00:00,2026-09-20T07:39:22.801062+00:00,,,True,,TIER2_DISCARD:score=4.04,True,7.36,52126.6645525003,355010.6019377147,2037,1815,1.1223,1.122314049586777,3852,100,6,0.000370474339,0.000419264093,0.000419264093,53260.86798,56670.484139,0.13169536689557337,0.13169536689557337,0.13169536689557337,0.13169536689557337,0.13169536689557337,0.13169536689557337,,,,,4.04,FLAT,FLAT,discard,,,,,,,,,,,0.5289,skip_no_signal
9vByBALakH19cSvaqvxAXPJHw1m2xYHC34kaR33zpump,musebook,2026-09-20T07:39:22.905374+00:00,2026-09-20T07:39:22.905374+00:00,,,True,,TIER2_DISCARD:score=4.31,True,9.18,16869.902239868185,37060.46652178467,1227,1125,1.0907,1.0906666666666667,2352,100,3,3.7966009e-05,4.3872076e-05,4.1023189e-05,17078.390376,17753.370393,0.15556196596803207,0.08052413410111137,0.15556196596803207,0.15556196596803207,0.15556196596803207,0.15556196596803207,,,,,4.31,FLAT,FLAT,discard,,,,,,,,,,,0.5208,skip_no_signal
HJzvr7MiTmQRHS2DvDuVhhQAsjRZYZyQ1SXnHLJqpump,fomo,2026-09-20T07:39:23.058249+00:00,2026-09-20T07:39:23.058249+00:00,,,True,,TIER2_DISCARD:score=4.28,True,9.39,59359.470739160475,460833.5701338444,3193,1486,2.1487,2.148721399730821,4679,100,6,0.000466484992,0.000493354715,0.000493354715,59730.862619,61439.098548,0.05760040185815862,0.05760040185815862,0.05760040185815862,0.05760040185815862,0.05760040185815862,0.05760040185815862,,,,,4.28,FLAT,FLAT,discard,,,,,,,,,,,0.6644,skip_no_signal
BVbbnketJLQsHsHT45VKnosorgK6wPE1aAN4JrxPpump,COOLJAK,2026-09-20T07:39:23.450444+00:00,2026-09-20T07:39:23.450444+00:00,,,True,,TIER2_DISCARD:score=4.82,True,9.97,36107.21560897528,163078.6761318173,1361,1098,1.2395,1.2395264116575593,2459,100,3,0.000146771533,0.000146771533,0.000106248992,34228.547323,29187.825081,0.0,-0.27609264665785027,0.0,0.0,0.0,0.0,,,,,4.82,FLAT,DECELERATING,discard,,,,,,,,,,,0.553,skip_no_signal
21La252xiAfugNfaa7B7MTRaR2AQ97wvzmvixznMpump,USDF,2026-09-20T07:39:23.734749+00:00,2026-09-20T07:39:23.734749+00:00,,,False,WASH_TRADING,OBSERVE_WINDOW_ELAPSED,True,11.9,672891.5599411838,59201797.05348371,2617,35,74.7714,74.77142857142857,2652,100,2,0.059238584294,0.059279814493,0.059279814493,673209.794838,673446.017532,0.000696002436441967,0.000696002436441967,0.000696002436441967,0.000696002436441967,0.000696002436441967,0.000696002436441967,,,,,,,,,,,,,,,,,,,,
2dXtN29yKhZBGRapcn4ZYPrk6SsJPh8MXoMTLhRbpump,YouTube,2026-09-20T07:39:23.941061+00:00,2026-09-20T07:39:23.941061+00:00,,,True,,TIER2_DISCARD:score=4.26,True,11.96,60416.5066102979,476364.73344641173,3662,1827,2.0044,2.0043787629994525,5489,100,43,0.00051400851,0.000675703393,0.000675703393,62704.614681,71938.639972,0.3145762761787738,0.3145762761787738,0.09615511229570894,0.18497300754806578,0.3145762761787738,0.3145762761787738,,,,,4.26,FLAT,FLAT,discard,,,,,,,,,,,0.6518,skip_no_signal
kZgFK39Tvid7APR9ja6tH8txKC5TqjG3h7Eid8Qpump,EVO,2026-09-20T07:39:24.231497+00:00,2026-09-20T07:39:24.231497+00:00,,,True,,TIER2_DISCARD:score=4.09,True,25.2,139082.62635858307,2527413.464605453,3739,3136,1.1923,1.1922831632653061,6875,100,3,0.002530408873,0.002535057839,0.002535057839,139139.106485,139267.412931,0.0018372390523939686,0.0018372390523939686,0.0018372390523939686,0.0018372390523939686,0.0018372390523939686,0.0018372390523939686,,,,,4.09,FLAT,FLAT,discard,,,,,,,,,,,0.5438,skip_no_signal
4cFAGsZ1x7cHMgGvMAq9xfUFLCro5m1MjHcWCGPHpump,MeiMei,2026-09-20T07:41:07.103832+00:00,2026-09-20T07:41:07.103832+00:00,,,True,,TIER2_DISCARD:score=3.83,True,0.67,20056.664167950337,52598.3746188058,126,70,1.8,1.8,196,100,6,4.9951003e-05,6.1195247e-05,5.9455713e-05,19546.607699,21356.502671,0.22510546985412883,0.19028066363352103,0.22510546985412883,0.22510546985412883,0.22510546985412883,0.22510546985412883,,,,,3.83,DECELERATING,DECELERATING,discard,,,,,,,,,,,0.6425,skip_no_signal
HW9qNzrbFktEkPtTwq1tNmnHyffv5qHWvQQgB87Hpump,CAPY,2026-09-20T07:42:07.119207+00:00,2026-09-20T07:42:07.119207+00:00,,,False,WASH_TRADING,OBSERVE_WINDOW_ELAPSED,True,0.43,17190.94825576584,38696.75739397194,77,9,8.5556,8.555555555555555,86,100,3,3.8996207e-05,3.8996207e-05,1.5361755e-05,17257.350355,10834.612112,0.0,-0.6060705339880876,0.0,0.0,0.0,0.0,,,,,,,,,,,,,,,,,,,,
C2FqE2MheUAAKYWNYGvKJD9iSGUJPfQLNKaTJ8ePpump,WOTF,2026-09-20T07:43:07.103752+00:00,2026-09-20T07:43:07.103752+00:00,,,False,WASH_TRADING,OBSERVE_WINDOW_ELAPSED,True,0.11,212097.27190253482,5880110.243993299,10,0,10.0,,10,100,3,0.005887070705,0.005930730799,0.005930730799,212222.767687,213056.231469,0.007416267985862479,0.007416267985862479,0.007416267985862479,0.007416267985862479,0.007416267985862479,0.007416267985862479,,,,,,,,,,,,,,,,,,,,
HfRCqW8kwVBU2X5cC8w9a14PneaasoySZsVpbjACtBht,Polymarket,2026-09-20T07:45:06.793893+00:00,2026-09-20T07:45:06.793893+00:00,,,False,LP_NOT_BURNED,OBSERVE_WINDOW_ELAPSED,False,0.53,21479.394006982682,53712.89938504544,6,1,6.0,6.0,7,0,3,5.372714e-05,5.3800204e-05,5.3800204e-05,21482.244801,21491.005129,0.0013599086048503572,0.0013599086048503572,0.0013599086048503572,0.0013599086048503572,0.0013599086048503572,0.0013599086048503572,,,,,,,,,,,,,,,,,,,,
YCtdXN6K3szZYweTAwxm259SYM2QPQAAKyZx1Yepump,Instagram,2026-09-20T07:47:06.810632+00:00,2026-09-20T07:47:06.810632+00:00,,,False,WASH_TRADING,OBSERVE_WINDOW_ELAPSED,True,0.29,67261.07339177825,591526.7195749386,94,0,94.0,,94,100,3,0.000603230438,0.000635294262,0.000635294262,67923.758938,69698.468491,0.053153524723167145,0.053153524723167145,0.053153524723167145,0.053153524723167145,0.053153524723167145,0.053153524723167145,,,,,,,,,,,,,,,,,,,,
GLynNJ4WT23V6EH6mbbg3b2EkvoW87c5JkjiAzSZpump,ZJEANPHIL,2026-09-20T07:47:06.936377+00:00,2026-09-20T07:47:06.936377+00:00,,,False,WASH_TRADING,OBSERVE_WINDOW_ELAPSED,True,0.43,18729.319562852586,45855.25335464781,104,29,3.5862,3.586206896551724,133,100,3,5.0767698e-05,5.2638875e-05,1.0728984e-05,19714.125503,9088.413873,0.03685762943200621,-0.788665146881389,0.03685762943200621,0.03685762943200621,0.03685762943200621,0.03685762943200621,,,,,,,,,,,,,,,,,,,,
XHRuv7w48a4Q7sksvKqJqqaF84MN85TyB753kmzpump,ECTF,2026-09-20T07:48:06.758875+00:00,2026-09-20T07:48:06.758875+00:00,,,False,WASH_TRADING,OBSERVE_WINDOW_ELAPSED,True,0.08,179746.63431048713,4223951.345105017,11,0,11.0,,11,100,3,0.004227585015,0.004265205327,0.004265205327,179819.531645,180608.350079,0.008898771252740856,0.008898771252740856,0.008898771252740856,0.008898771252740856,0.008898771252740856,0.008898771252740856,,,,,,,,,,,,,,,,,,,,
7udFXkoiRreEBaVhxKnAiCwU6XkWHoFpXs1QNCVGpump,USDF,2026-09-20T07:48:06.867683+00:00,2026-09-20T07:48:06.867683+00:00,,,True,,TIER2_DISCARD:score=4.11,True,0.48,126015.90729509824,2076282.6407024907,66,30,2.2,2.2,96,100,3,0.002081333888,0.002109551216,0.002109551216,126166.023197,127011.856732,0.013557328866208307,0.013557328866208307,0.013557328866208307,0.013557328866208307,0.013557328866208307,0.013557328866208307,,,,,4.11,FLAT,FLAT,discard,,,,,,,,,,,0.6409,skip_no_signal
67qKGzMAHviNKsiwyNWbSe8Hc1vnkkeHLmqs1q8Rpump,MONTY,2026-09-20T07:48:06.996097+00:00,2026-09-20T07:48:06.996097+00:00,,,True,,TIER2_DISCARD:score=4.79,True,0.91,19502.27902371297,49647.7643972556,123,74,1.6622,1.662162162162162,197,100,6,5.4303971e-05,7.017059e-05,5.533444e-05,20404.475484,20713.98035,0.2921815607186442,0.018975941925130968,0.2921815607186442,0.2921815607186442,0.2921815607186442,0.2921815607186442,,,,,4.79,FLAT,DECELERATING,discard,,,,,,,,,,,0.6074,skip_no_signal
GN33EHg5qZ7yRGKZNhn7judn8uqM7nXqMoEivPLpump,SAI,2026-09-20T07:49:06.769486+00:00,2026-09-20T07:49:06.769486+00:00,,,False,WASH_TRADING,OBSERVE_WINDOW_ELAPSED,True,0.91,134880.04615830648,2378721.957463896,17,0,17.0,,17,100,3,0.002385864732,0.002401564005,0.002401564005,135075.207496,135495.49502,0.006580118641864585,0.006580118641864585,0.006580118641864585,0.006580118641864585,0.006580118641864585,0.006580118641864585,,,,,,,,,,,,,,,,,,,,
2E1pwDAbTSM26kzA6ApW8cjDGNi165STRHgRubpS3wJG,XIAOMI,2026-09-20T07:55:07.100079+00:00,2026-09-20T07:55:07.100079+00:00,,,False,LP_NOT_BURNED,OBSERVE_WINDOW_ELAPSED,False,0.94,22371.689272484466,55956.492006391505,52,2,26.0,26.0,54,0,3,5.5982287e-05,5.6882272e-05,5.6882272e-05,22376.851598,22556.366147,0.016076245688211976,0.016076245688211976,0.016076245688211976,0.016076245688211976,0.016076245688211976,0.016076245688211976,,,,,,,,,,,,,,,,,,,,
54XjwWQx4cCkPHMtHRokmGPZinanhqHpKzB73ZTLpump,BABYZCAT,2026-09-20T08:00:07.007452+00:00,2026-09-20T08:00:07.007452+00:00,,,False,WASH_TRADING,OBSERVE_WINDOW_ELAPSED,True,0.11,19048.94329892986,47558.10241778473,21,3,7.0,7.0,24,100,3,4.5599298e-05,4.5599298e-05,1.8106338e-05,18656.230432,11775.649055,0.0,-0.6029250713464931,0.0,0.0,0.0,0.0,,,,,,,,,,,,,,,,,,,,
5S27UsNhSY8CriDQjZXg8bGwbDYcvG93GSTCXPPspump,fomo,2026-09-20T08:02:07.137227+00:00,2026-09-20T08:02:07.137227+00:00,,,False,WASH_TRADING,OBSERVE_WINDOW_ELAPSED,True,0.16,54534.16204741941,389012.2997852903,16,0,16.0,,16,100,3,0.000392986242,0.000402571379,0.000402571379,54808.877323,55474.185182,0.024390515431835347,0.024390515431835347,0.024390515431835347,0.024390515431835347,0.024390515431835347,0.024390515431835347,,,,,,,,,,,,,,,,,,,,
ENJom9qBf8uNzV3yE334auBoUXJbr28TdvMuFrAqxc9f,PENIS,2026-09-20T08:02:07.262021+00:00,2026-09-20T08:02:07.262021+00:00,,,False,LP_NOT_BURNED,OBSERVE_WINDOW_ELAPSED,False,0.54,20827.160097082688,52081.86258114173,5,1,5.0,5.0,6,0,3,5.2107107e-05,5.2194383e-05,5.2194383e-05,20831.003503,20848.77489,0.0016749346687008337,0.0016749346687008337,0.0016749346687008337,0.0016749346687008337,0.0016749346687008337,0.0016749346687008337,,,,,,,,,,,,,,,,,,,,
6j6cgsMU2Fg5CefZeSM3HMwisdFWvUdBRvJuZSUopump,PIKACHU,2026-09-20T08:04:07.118769+00:00,2026-09-20T08:04:07.118769+00:00,,,False,WASH_TRADING,OBSERVE_WINDOW_ELAPSED,True,0.12,61324.52422536366,491646.4379868612,6,0,6.0,,6,100,3,0.000497881777,0.000509491395,0.000509491395,61726.589873,62442.017944,0.02331802153907714,0.02331802153907714,0.02331802153907714,0.02331802153907714,0.02331802153907714,0.02331802153907714,,,,,,,,,,,,,,,,,,,,
icqJ6cSioYdoadPYb278oWAGPwJASzXYVHYsTy3ypqx,OpenSea,2026-09-20T08:06:07.118243+00:00,2026-09-20T08:06:07.118243+00:00,,,False,LP_NOT_BURNED,OBSERVE_WINDOW_ELAPSED,False,0.72,22633.578074982775,56607.63505452928,29,1,29.0,29.0,30,0,3,5.6605141e-05,5.6666996e-05,5.6666996e-05,22624.91002,22634.102771,0.0010927452684907912,0.0010927452684907912,0.0010927452684907912,0.0010927452684907912,0.0010927452684907912,0.0010927452684907912,,,,,,,,,,,,,,,,,,,,
Kx96koVv3F9MjTGqBTTifW45LqKZ95GTTh5xAXApump,fomo,2026-09-20T08:07:07.600409+00:00,2026-09-20T08:07:07.600409+00:00,,,False,WASH_TRADING,OBSERVE_WINDOW_ELAPSED,True,0.87,234960.36024249962,7218556.374312042,71,0,71.0,,71,100,2,0.007187494375,0.007261054615,0.007261054615,234456.056617,235653.683298,0.01023447618350315,0.01023447618350315,0.01023447618350315,0.01023447618350315,0.01023447618350315,0.01023447618350315,,,,,,,,,,,,,,,,,,,,
8iiwv8kdi6LuVXM1WJSruorA1c1e1FybfuHuRn6Upump,JEANKITTY,2026-09-20T08:12:07.100180+00:00,2026-09-20T08:12:07.100180+00:00,,,False,WASH_TRADING,OBSERVE_WINDOW_ELAPSED,True,0.51,19736.839257724314,50908.08446218417,129,35,3.6857,3.6857142857142855,164,100,3,5.7575658e-05,6.9200507e-05,5.8922116e-05,20993.222614,21331.664693,0.20190562129572176,0.023385889918965397,0.20190562129572176,0.20190562129572176,0.20190562129572176,0.20190562129572176,,,,,,,,,,,,,,,,,,,,
GAvv5tCMUQJGGUYouFYaQoaYEEii7N1pK2UvTHeKoHhA,PIKACHU,2026-09-20T08:12:07.220367+00:00,2026-09-20T08:12:07.220367+00:00,,,False,LP_NOT_BURNED,OBSERVE_WINDOW_ELAPSED,False,0.54,24317.50255075615,61884.252365511726,373,2,186.5,186.5,375,0,3,6.19478e-07,6.40509e-07,6.40509e-07,24330.007698,24744.368385,0.033949551073645834,0.033949551073645834,0.033949551073645834,0.033949551073645834,0.033949551073645834,0.033949551073645834,,,,,,,,,,,,,,,,,,,,
9ecUmc9Mdea1DkHkQsucVXCLD1vm152ARK6kphtuYRT3,DISNEY,2026-09-20T08:15:07.261234+00:00,2026-09-20T08:15:07.261234+00:00,,,False,LP_NOT_BURNED,OBSERVE_WINDOW_ELAPSED,False,0.58,21703.90204781905,54269.27437037362,9,2,4.5,4.5,11,0,3,5.4277882e-05,5.4373008e-05,5.4373008e-05,21705.625386,21725.482002,0.0017525739121506678,0.0017525739121506678,0.0017525739121506678,0.0017525739121506678,0.0017525739121506678,0.0017525739121506678,,,,,,,,,,,,,,,,,,,,
D2yBVc2S2945vsZ8qrzx5DamFKgMY8qfmmnDMBB9tBn3,CURTIS,2026-09-20T08:17:07.142917+00:00,2026-09-20T08:17:07.142917+00:00,,,True,,TIER2_DISCARD:score=4.76,True,0.96,21842.700703301005,62184.21143125451,151,93,1.6237,1.6236559139784945,244,100,5,5.628351e-05,7.8220637e-05,6.4679692e-05,20788.06218,22441.318494,0.389761175164804,0.14917658831156766,0.389761175164804,0.389761175164804,0.389761175164804,0.389761175164804,,,,,4.76,FLAT,DECELERATING,discard,,,,,,,,,,,0.6264,skip_no_signal
CnGaGpkQg1APy4Y4ZmAmPFmwSCQyL3pZX8Swu6i2Moxt,Pigeon,2026-09-20T08:17:07.365142+00:00,2026-09-20T08:17:07.365142+00:00,,,False,LP_NOT_BURNED,OBSERVE_WINDOW_ELAPSED,False,0.97,24397.77129175819,62271.09147203083,699,5,139.8,139.8,704,0,3,6.2515922e-05,6.4560947e-05,6.4560947e-05,24445.74642,24841.741167,0.03271206653562597,0.03271206653562597,0.03271206653562597,0.03271206653562597,0.03271206653562597,0.03271206653562597,,,,,,,,,,,,,,,,,,,,
xxXoupYsst3ab6dHShvFifgDWo1qFaJnsLwsPW8pump,Batman,2026-09-20T08:20:07.257274+00:00,2026-09-20T08:20:07.257274+00:00,,,False,WASH_TRADING,OBSERVE_WINDOW_ELAPSED,True,0.13,66222.57326397032,573345.7653240644,11,0,11.0,,11,100,3,0.000583563786,0.000625816419,0.000625816419,66810.50091,69169.710614,0.07240448090450902,0.07240448090450902,0.07240448090450902,0.07240448090450902,0.07240448090450902,0.07240448090450902,,,,,,,,,,,,,,,,,,,,
zsuLoqE42Lu4xiZ7x2ssbN3ZC8RyxGzk9F1UHArpump,SATURNUS,2026-09-20T08:20:07.456886+00:00,2026-09-20T08:20:07.456886+00:00,,,False,WASH_TRADING,OBSERVE_WINDOW_ELAPSED,True,0.38,19271.607128399446,48530.86633573681,42,13,3.2308,3.230769230769231,55,100,3,5.8301127e-05,5.8301127e-05,5.0296707e-05,21114.101251,19673.21029,0.0,-0.13729443000304253,0.0,0.0,0.0,0.0,,,,,,,,,,,,,,,,,,,,
BDw3RaSq19s49NEXDQWSbBeqp7Qvyj6p5kkQSMgXpump,Vmaxsolana,2026-09-20T08:20:07.570971+00:00,2026-09-20T08:20:07.570971+00:00,,,False,WASH_TRADING,OBSERVE_WINDOW_ELAPSED,True,0.42,19405.17929751116,49189.041489304676,26,10,2.6,2.6,36,100,3,4.4901889e-05,5.1508582e-05,5.1508582e-05,18526.319522,19857.226002,0.14713619286707513,0.14713619286707513,0.14713619286707513,0.14713619286707513,0.14713619286707513,0.14713619286707513,,,,,,,,,,,,,,,,,,,,
P2jSw3pyRjWtnKYqew8qeLnLiHQtxJSwYGdKwWApump,WTOF,2026-09-20T08:20:07.798944+00:00,2026-09-20T08:20:07.798944+00:00,,,False,WASH_TRADING,OBSERVE_WINDOW_ELAPSED,True,0.58,134644.15237183258,2369315.7321555205,32,0,32.0,,32,100,3,0.00237238386,0.002395564376,0.002395564376,134726.32351,135344.269347,0.009770980316819333,0.009770980316819333,0.009770980316819333,0.009770980316819333,0.009770980316819333,0.009770980316819333,,,,,,,,,,,,,,,,,,,,
E61sZPon1q5uMvGLos7maK5mKHjBrLPDZxppsGbXd7ad,PORNHUB,2026-09-20T08:23:07.155885+00:00,2026-09-20T08:23:07.155885+00:00,,,False,LP_NOT_BURNED,OBSERVE_WINDOW_ELAPSED,False,0.96,21089.829125966848,52761.78278330119,55,1,55.0,55.0,56,0,3,5.2776163e-05,5.2844286e-05,5.2844286e-05,21092.706062,21101.989552,0.001290791071719255,0.001290791071719255,0.001290791071719255,0.001290791071719255,0.001290791071719255,0.001290791071719255,,,,,,,,,,,,,,,,,,,,
F5Wk7x1A2X8tMatZ2qLtMoRmM7nq5kRT2tN3Dn94ysgM,DISNEY,2026-09-20T08:23:07.278748+00:00,2026-09-20T08:23:07.278748+00:00,,,False,LP_NOT_BURNED,OBSERVE_WINDOW_ELAPSED,False,0.99,36764.17749466041,92751.96358588645,495,0,495.0,,495,0,3,9.305413e-05,9.4715197e-05,9.4715197e-05,36824.087959,37144.067534,0.01785054569850897,0.01785054569850897,0.01785054569850897,0.01785054569850897,0.01785054569850897,0.01785054569850897,,,,,,,,,,,,,,,,,,,,
EiTkygVu3GcYhKGf8N5YeQnCTVa2ViipdjnmefWrpump,RICH,2026-09-20T08:24:07.016351+00:00,2026-09-20T08:24:07.016351+00:00,,,False,WASH_TRADING,OBSERVE_WINDOW_ELAPSED,True,0.17,188194.35078137316,4636581.960135228,23,0,23.0,,23,100,3,0.004647261621,0.004676382449,0.004676382449,188390.59401,188926.400388,0.006266233832932677,0.006266233832932677,0.006266233832932677,0.006266233832932677,0.006266233832932677,0.006266233832932677,,,,,,,,,,,,,,,,,,,,
8bmdgtTrNBXDDcerKxaHGumMuW8M6tcTPS9pZPKUpump,JEANW,2026-09-20T08:26:07.041206+00:00,2026-09-20T08:26:07.041206+00:00,,,False,WASH_TRADING,OBSERVE_WINDOW_ELAPSED,True,0.18,19579.068516892934,50298.608358291356,22,6,3.6667,3.6666666666666665,28,100,3,5.0975602e-05,5.923344e-05,5.923344e-05,19718.46982,21297.936567,0.16199588971994872,0.16199588971994872,0.16199588971994872,0.16199588971994872,0.16199588971994872,0.16199588971994872,,,,,,,,,,,,,,,,,,,,
BBGEZnzpGwYTorjGthVPYK6Hbe8uaAcudvt81Yhc2tZq,TikTok,2026-09-20T08:28:07.141458+00:00,2026-09-20T08:28:07.141458+00:00,,,False,LP_NOT_BURNED,OBSERVE_WINDOW_ELAPSED,False,0.04,22032.971432829632,55095.79578998184,2,0,2.0,,2,0,3,5.5115222e-05,5.5197025e-05,5.5197025e-05,22036.852615,22057.805788,0.0014842179171483671,0.0014842179171483671,0.0014842179171483671,0.0014842179171483671,0.0014842179171483671,0.0014842179171483671,,,,,,,,,,,,,,,,,,,,
FaqMJSDaBw7otnvaffD8PAQt79wUykH5cMgorv5iMLd8,HIKIKOMORI,2026-09-20T08:28:07.383310+00:00,2026-09-20T08:28:07.383310+00:00,,,False,LP_NOT_BURNED,OBSERVE_WINDOW_ELAPSED,False,0.93,24305.41928291015,62017.942085910174,619,4,154.75,154.75,623,0,3,6.2633156e-05,6.4445368e-05,6.4445368e-05,24425.818397,24782.244747,0.02893374876399335,0.02893374876399335,0.02893374876399335,0.02893374876399335,0.02893374876399335,0.02893374876399335,,,,,,,,,,,,,,,,,,,,
7XtU24wotBC69DP55rLkUYLNjC2mQxRpvFWrJjSFpump,LONELYCAT,2026-09-20T08:30:07.157808+00:00,2026-09-20T08:30:07.157808+00:00,,,True,,TIER2_DISCARD:score=4.73,True,0.33,20592.59784027343,55468.87394710312,42,20,2.1,2.1,62,100,3,6.3201684e-05,6.3201684e-05,4.8142008e-05,21967.057626,19232.007024,0.0,-0.23827966356086328,0.0,0.0,0.0,0.0,,,,,4.73,DECELERATING,FLAT,discard,,,,,,,,,,,0.641,skip_no_signal
A1jF6Gto4JEKBo8JLXUXn8KkUNmpHW7KE5nsahADB6iq,LUNARIS,2026-09-20T08:30:07.271031+00:00,2026-09-20T08:30:07.271031+00:00,,,False,LP_NOT_BURNED,OBSERVE_WINDOW_ELAPSED,False,0.87,24361.29255127741,62283.16352515778,848,4,212.0,212.0,852,0,3,6.3353684e-05,6.5302735e-05,6.5302735e-05,24570.023135,24942.996023,0.030764603996825013,0.030764603996825013,0.030764603996825013,0.030764603996825013,0.030764603996825013,0.030764603996825013,,,,,,,,,,,,,,,,,,,,
DB9pfNV9kaktNxoc1b1DHKGhQ8seKDQJbrTHxHddpump,JEANWHALE,2026-09-20T08:35:07.173771+00:00,2026-09-20T08:35:07.173771+00:00,,,False,WASH_TRADING,OBSERVE_WINDOW_ELAPSED,True,0.22,19261.086779031,48739.142469698,28,6,4.6667,4.666666666666667,34,100,3,5.6421401e-05,5.977269e-05,5.977269e-05,20736.723685,21394.24423,0.05939747933589956,0.05939747933589956,0.05939747933589956,0.05939747933589956,0.05939747933589956,0.05939747933589956,,,,,,,,,,,,,,,,,,,,
7dWfisegCRAaTcWN2WHvf6G6GiMLPZm7vktV7fetpump,BUYBACK,2026-09-20T08:36:07.175030+00:00,2026-09-20T08:36:07.175030+00:00,,,True,,TIER2_DISCARD:score=4.76,True,0.4,17931.50009682532,33924.751353629035,33,49,0.6735,0.673469387755102,82,100,5,3.4805633e-05,4.0055128e-05,4.0055128e-05,18040.947172,19364.232308,0.15082314405831942,0.15082314405831942,0.15082314405831942,0.15082314405831942,0.15082314405831942,0.15082314405831942,,,,,4.76,FLAT,DECELERATING,discard,,,,,,,,,,,0.5164,skip_no_signal
LQU3KbwmT5HKVzLqQD6zrGprJXBWtdU9aJE2xsMpump,Samsung,2026-09-20T08:36:07.303919+00:00,2026-09-20T08:36:07.303919+00:00,,,False,WASH_TRADING,OBSERVE_WINDOW_ELAPSED,True,0.55,67633.98179619509,600018.8384089975,230,45,5.1111,5.111111111111111,275,100,3,0.000615447775,0.00064680444,0.00064680444,68501.1866,70226.993841,0.050949351470155335,0.050949351470155335,0.050949351470155335,0.050949351470155335,0.050949351470155335,0.050949351470155335,,,,,,,,,,,,,,,,,,,,
136j4dDXJRG2qQyQcdPrmLoA9Hxrm9q8Zb6bdDy4pump,Caton,2026-09-20T08:37:07.040066+00:00,2026-09-20T08:37:07.040066+00:00,,,False,WASH_TRADING,OBSERVE_WINDOW_ELAPSED,True,0.1,19191.326692613264,48372.82706034881,13,3,4.3333,4.333333333333333,16,100,3,4.6715747e-05,5.3868649e-05,5.2801256e-05,18866.359201,20066.837545,0.15311543664280913,0.13026675994285175,0.15311543664280913,0.15311543664280913,0.15311543664280913,0.15311543664280913,,,,,,,,,,,,,,,,,,,,
HnEiwFqfGgubKdnn9WjF92c5JNvi46dW6pUT2F9epump,Regulus,2026-09-20T08:37:07.153289+00:00,2026-09-20T08:37:07.153289+00:00,,,False,WASH_TRADING,OBSERVE_WINDOW_ELAPSED,True,0.57,21087.885693827317,58391.08522687193,45,10,4.5,4.5,55,100,3,6.4321627e-05,7.1014063e-05,7.1014063e-05,22133.924786,23254.829463,0.10404643526818758,0.10404643526818758,0.10404643526818758,0.10404643526818758,0.10404643526818758,0.10404643526818758,,,,,,,,,,,,,,,,,,,,
7iNSvdxUvvGsbYPkDnnA84w18SQ8mzLpjJVk5J9naoDE,Redbull,2026-09-20T08:37:07.275032+00:00,2026-09-20T08:37:07.275032+00:00,,,False,LP_NOT_BURNED,OBSERVE_WINDOW_ELAPSED,False,1.0,22170.655306352663,55443.18453389449,7,1,7.0,7.0,8,0,3,5.5472018e-05,5.5617283e-05,5.5617283e-05,22176.426156,22201.477408,0.0026187076879011784,0.0026187076879011784,0.0026187076879011784,0.0026187076879011784,0.0026187076879011784,0.0026187076879011784,,,,,,,,,,,,,,,,,,,,
6MyS46zzASB321ofiptouxASKBnQyE8TrMRhGs3upump,alby,2026-09-20T08:41:07.524034+00:00,2026-09-20T08:41:07.524034+00:00,,,False,WASH_TRADING,OBSERVE_WINDOW_ELAPSED,True,0.34,20105.734648277234,53069.71617030097,77,16,4.8125,4.8125,93,100,3,5.0761238e-05,6.4050936e-05,6.4050936e-05,19677.844183,22163.737906,0.261807996093397,0.261807996093397,0.261807996093397,0.261807996093397,0.261807996093397,0.261807996093397,,,,,,,,,,,,,,,,,,,,
69zhGTgkVBN381SGjNa6LnMhysckFcAUPAsB2rZs3wxY,DIH,2026-09-20T08:43:07.181860+00:00,2026-09-20T08:43:07.181860+00:00,,,False,LP_NOT_BURNED,OBSERVE_WINDOW_ELAPSED,False,0.4,25571.616737969533,64143.83346123224,165,5,33.0,33.0,170,0,3,6.4699976e-05,6.5835854e-05,6.5835854e-05,25679.397797,25901.262785,0.017556080700864563,0.017556080700864563,0.017556080700864563,0.017556080700864563,0.017556080700864563,0.017556080700864563,,,,,,,,,,,,,,,,,,,,
EbQDNUNStRYTs8a1hTLJ7zvXVETHKjHGBKDafixkfJX7,Fartcoin,2026-09-20T08:43:07.300518+00:00,2026-09-20T08:43:07.300518+00:00,,,False,LP_NOT_BURNED,OBSERVE_WINDOW_ELAPSED,False,0.64,21041.525171016146,52625.866883250426,17,1,17.0,17.0,18,0,3,5.2654476e-05,5.2729905e-05,5.2729905e-05,21044.813308,21057.571252,0.0014325277873812325,0.0014325277873812325,0.0014325277873812325,0.0014325277873812325,0.0014325277873812325,0.0014325277873812325,,,,,,,,,,,,,,,,,,,,
8TaZj4fVAoNmSgyCjx6SuZMergcd1au51NJjdkB3pump,WIFG,2026-09-20T08:44:07.040401+00:00,2026-09-20T08:44:07.040401+00:00,,,True,,TIER2_DISCARD:score=4.71,True,0.04,18715.18479400262,46110.7928885313,5,3,1.6667,1.6666666666666667,8,100,3,4.865967e-05,5.4698396e-05,5.4698396e-05,19238.956753,20481.809671,0.12410125263899241,0.12410125263899241,0.12410125263899241,0.12410125263899241,0.12410125263899241,0.12410125263899241,,,,,4.71,DECELERATING,FLAT,discard,,,,,,,,,,,0.736,skip_no_signal
J9ceaF6mz9oi27snkYF481VdNijXN8XCHgWsZU2vpump,Cta,2026-09-20T08:47:07.724040+00:00,2026-09-20T08:47:07.724040+00:00,,,True,,TIER2_DISCARD:score=4.79,True,0.94,19291.36663397605,48824.28845398636,115,76,1.5132,1.513157894736842,191,100,4,4.3348221e-05,6.6006697e-05,4.2015141e-05,18179.91501,17914.765612,0.5227083252159299,-0.030752819129532316,0.5227083252159299,0.5227083252159299,0.5227083252159299,0.5227083252159299,,,,,4.79,FLAT,DECELERATING,discard,,,,,,,,,,,0.61,skip_no_signal
ivARtbfLrccMxqahqgua1xNgJ9PHP19CTxCmA4Dpump,Mercedes,2026-09-20T08:49:07.157467+00:00,2026-09-20T08:49:07.157467+00:00,,,False,WASH_TRADING,OBSERVE_WINDOW_ELAPSED,True,0.6,69527.61229632332,636102.6331653114,241,39,6.1795,6.17948717948718,280,100,2,0.00065988649,0.000674015134,0.000674015134,70815.731507,71568.802005,0.021410718682844943,0.021410718682844943,0.021410718682844943,0.021410718682844943,0.021410718682844943,0.021410718682844943,,,,,,,,,,,,,,,,,,,,
DCYXEFf1vPyuaaCsdGUSzYEwUxqvMgmoFUFtcTjrNFmd,MCAT,2026-09-20T08:50:07.195582+00:00,2026-09-20T08:50:07.195582+00:00,,,False,LP_NOT_BURNED,OBSERVE_WINDOW_ELAPSED,False,0.7,24225.483187820973,61816.698890852014,551,2,275.5,275.5,553,0,3,6.1914e-07,6.37001e-07,6.37001e-07,24244.566012,24581.67885,0.028848079594276044,0.028848079594276044,0.028848079594276044,0.028848079594276044,0.028848079594276044,0.028848079594276044,,,,,,,,,,,,,,,,,,,,
DViRpLmzrfJFzR2fLG4MFGGsKJHixM5ZGPEgnRV2kbBd,Redbull,2026-09-20T08:51:07.083605+00:00,2026-09-20T08:51:07.083605+00:00,,,False,LP_NOT_BURNED,OBSERVE_WINDOW_ELAPSED,False,0.43,24141.56950325074,61448.00271064679,243,2,121.5,121.5,245,0,3,6.1721229e-05,6.371028e-05,6.371028e-05,24195.249428,24581.922885,0.03222636736543283,0.03222636736543283,0.03222636736543283,0.03222636736543283,0.03222636736543283,0.03222636736543283,,,,,,,,,,,,,,,,,,,,
3EyRbcHCAzQHViLsKuuvMMJaRDoAKKJsAqjCZ1gmnncM,OpenClaw,2026-09-20T08:51:07.212803+00:00,2026-09-20T08:51:07.212803+00:00,,,False,LP_NOT_BURNED,OBSERVE_WINDOW_ELAPSED,False,0.8,22053.675234097285,55153.56324740447,37,3,12.3333,12.333333333333334,40,0,3,5.5157427e-05,5.5243467e-05,5.5243467e-05,22054.448666,22071.137199,0.0015598987240648121,0.0015598987240648121,0.0015598987240648121,0.0015598987240648121,0.0015598987240648121,0.0015598987240648121,,,,,,,,,,,,,,,,,,,,
DB3kajxPUXuWSAfMZcx9KaPeFpty9QWDsBPLBrBtpump,KITTY,2026-09-20T08:51:07.415281+00:00,2026-09-20T08:51:07.415281+00:00,,,True,,TIER2_DISCARD:score=4.86,True,1.02,23952.703408519017,74581.87291892701,784,454,1.7269,1.7268722466960353,1238,100,7,6.4863352e-05,0.000214273545,0.000212774917,22348.852426,41318.416725,2.3034608664689427,2.280356479264285,2.3034608664689427,2.3034608664689427,2.3034608664689427,2.3034608664689427,,,,,4.86,FLAT,DECELERATING,discard,,,,,,,,,,,0.6301,skip_no_signal
9dLg22TsRMWeiJ44QAteav1Jq67QLyYZVQvYDF9kpump,NTDA,2026-09-20T08:53:07.246663+00:00,2026-09-20T08:53:07.246663+00:00,,,False,WASH_TRADING,OBSERVE_WINDOW_ELAPSED,True,0.46,211353.4502877253,5871620.369999533,23,0,23.0,,23,100,3,0.005875113075,0.005915038917,0.005915038917,211416.365047,212052.40962,0.006795757203362562,0.006795757203362562,0.006795757203362562,0.006795757203362562,0.006795757203362562,0.006795757203362562,,,,,,,,,,,,,,,,,,,,
HohQ3f44PyDTqgAZLSCNLv3qt2SAQkNcTpA4cFAtKcSe,MONA,2026-09-20T08:54:07.249022+00:00,2026-09-20T08:54:07.249022+00:00,,,False,LP_NOT_BURNED,OBSERVE_WINDOW_ELAPSED,False,0.75,42020.749562754805,236851.9202612547,165,111,1.4865,1.4864864864864864,276,0,3,0.000235809636,0.000235809636,0.000215059662,41997.077144,40761.54188,0.0,-0.08799459747268334,0.0,0.0,0.0,0.0,,,,,,,,,,,,,,,,,,,,
5i3Yz6WJa8accv8xoyBtkD5bBtntsw8VKNjcqYk5pump,CASHTIGRO,2026-09-20T08:56:07.213968+00:00,2026-09-20T08:56:07.213968+00:00,,,True,,TIER2_DISCARD:score=4.78,True,0.87,23663.004128464825,73430.75050890988,129,96,1.3438,1.34375,225,100,3,7.603469e-05,8.6468079e-05,7.4811121e-05,24084.337142,23918.191826,0.13721880104988915,-0.016092246841540425,0.13721880104988915,0.13721880104988915,0.13721880104988915,0.13721880104988915,,,,,4.78,FLAT,DECELERATING,discard,,,,,,,,,,,0.5772,skip_no_signal
4hMTbUpvFpDsv5KdmEnjfXydN814ZcosoitxPE1apump,GIGAJEAN,2026-09-20T08:57:07.228601+00:00,2026-09-20T08:57:07.228601+00:00,,,False,WASH_TRADING,OBSERVE_WINDOW_ELAPSED,True,0.26,20247.556303097073,53960.368751595866,43,14,3.0714,3.0714285714285716,57,100,3,5.9225722e-05,6.6719278e-05,6.6719278e-05,21220.302181,22542.415856,0.126525363422332,0.126525363422332,0.126525363422332,0.126525363422332,0.126525363422332,0.126525363422332,,,,,,,,,,,,,,,,,,,,
Cjk5Jp2iUY4vQvLQETujKLhrNyxgekBBB56xgVg1fBe6,CEST,2026-09-20T08:58:07.197089+00:00,2026-09-20T08:58:07.197089+00:00,,,False,LP_NOT_BURNED,OBSERVE_WINDOW_ELAPSED,False,0.79,24303.458575309603,62148.72984173689,621,2,310.5,310.5,623,0,3,6.2727374e-05,6.4489807e-05,6.4489807e-05,24417.321883,24762.926875,0.028096712609075647,0.028096712609075647,0.028096712609075647,0.028096712609075647,0.028096712609075647,0.028096712609075647,,,,,,,,,,,,,,,,,,,,
6aBmoe32XfLqAn6bRzqntJKgEePc8C5uXkEzLHwFoQe2,PORNHUB,2026-09-20T08:58:07.329275+00:00,2026-09-20T08:58:07.329275+00:00,,,False,LP_NOT_BURNED,OBSERVE_WINDOW_ELAPSED,False,0.92,21758.473719736096,54815.10267735504,394,4,98.5,98.5,398,0,3,5.5058677e-05,5.664885e-05,5.664885e-05,21807.576625,22124.693242,0.028881424085072105,0.028881424085072105,0.028881424085072105,0.028881424085072105,0.028881424085072105,0.028881424085072105,,,,,,,,,,,,,,,,,,,,
7ug9Zho6iqyVUMQ1cMHTi5thjSr8V7EiMm8hoywv2dzE,KITTY,2026-09-20T08:59:07.202849+00:00,2026-09-20T08:59:07.202849+00:00,,,False,LP_NOT_BURNED,OBSERVE_WINDOW_ELAPSED,False,0.33,24363.564767360753,124980.5982855952,33,1,33.0,33.0,34,0,3,6.8499709e-05,0.00010118695,0.00010118695,18068.542687,22104.077909,0.47718802717833464,0.47718802717833464,0.47718802717833464,0.47718802717833464,0.47718802717833464,0.47718802717833464,,,,,,,,,,,,,,,,,,,,
BsmPx4ddgLpemZjgjxuJuhRNzFKRjSjiR1Zim5YimC5Y,Coinbase,2026-09-20T08:59:07.331833+00:00,2026-09-20T08:59:07.331833+00:00,,,False,LP_NOT_BURNED,OBSERVE_WINDOW_ELAPSED,False,0.86,22082.836198991215,55226.868930126824,41,1,41.0,41.0,42,0,3,5.5266964e-05,5.5366655e-05,5.5366655e-05,22094.895172,22115.899131,0.001803808148390429,0.001803808148390429,0.001803808148390429,0.001803808148390429,0.001803808148390429,0.001803808148390429,,,,,,,,,,,,,,,,,,,,
A3dZJJDm7kjoYsKZZWWprYTztE5uprKAHY8BYefMpump,Cbd,2026-09-20T09:00:07.087778+00:00,2026-09-20T09:00:07.087778+00:00,,,False,WASH_TRADING,OBSERVE_WINDOW_ELAPSED,True,0.16,18520.431138930886,45081.32417340869,20,5,4.0,4.0,25,100,3,1.0934268e-05,1.0934268e-05,1.0668e-05,9127.065838,9015.341928,0.0,-0.024351698714536796,0.0,0.0,0.0,0.0,,,,,,,,,,,,,,,,,,,,
5AJE9v2YzfsGaHncpRFnBcKUXsR12WWYfjckE1DN1at6,KITTY,2026-09-20T09:00:07.301867+00:00,2026-09-20T09:00:07.301867+00:00,,,False,LP_NOT_BURNED,OBSERVE_WINDOW_ELAPSED,False,0.84,24339.138416852365,62298.43041501162,642,0,642.0,,642,0,3,6.3059395e-05,6.5397423e-05,6.5397423e-05,24487.58842,24937.960308,0.037076600560471684,0.037076600560471684,0.037076600560471684,0.037076600560471684,0.037076600560471684,0.037076600560471684,,,,,,,,,,,,,,,,,,,,
FrQiTSchJwGix365BZRznt2bPWoF7qTtJ2svcHCGpump,Spider-Man,2026-09-20T09:02:07.237815+00:00,2026-09-20T09:02:07.237815+00:00,,,True,,TIER2_DISCARD:score=4.07,True,0.29,66487.6774517885,580626.9039205004,53,26,2.0385,2.0384615384615383,79,100,3,0.00058239633,0.000592838055,0.000592838055,66588.866128,67198.937612,0.01792889903684669,0.01792889903684669,0.01792889903684669,0.01792889903684669,0.01792889903684669,0.01792889903684669,,,,,4.07,FLAT,FLAT,discard,,,,,,,,,,,0.6058,skip_no_signal
9wdFdjQA6kJcLrrp6UbSNk7rU2mcRwLTXvNAFgeBpump,Tilcayo,2026-09-20T09:05:07.493282+00:00,2026-09-20T09:05:07.493282+00:00,,,False,WASH_TRADING,OBSERVE_WINDOW_ELAPSED,True,0.08,61748.743112363474,500510.47548883274,12,0,12.0,,12,100,3,0.000511570547,0.000547749006,0.000547749006,62427.927137,64600.237275,0.07072037124138819,0.07072037124138819,0.07072037124138819,0.07072037124138819,0.07072037124138819,0.07072037124138819,,,,,,,,,,,,,,,,,,,,
6XDeTrMeXxQrHYUVpa5zmjCxFe7WH8aJkJASU2SduGsq,CRCL,2026-09-20T09:08:07.748908+00:00,2026-09-20T09:08:07.748908+00:00,,,False,LP_NOT_BURNED,OBSERVE_WINDOW_ELAPSED,False,0.63,22389.538630837487,55980.40845048405,5,3,1.6667,1.6666666666666667,8,0,3,5.5980408e-05,5.6073964e-05,5.6073964e-05,22389.538631,22411.430159,0.0016712275480379457,0.0016712275480379457,0.0016712275480379457,0.0016712275480379457,0.0016712275480379457,0.0016712275480379457,,,,,,,,,,,,,,,,,,,,
GjWrntpWEfKsgkkFgP4hLdxtu4U7RYBpv64DgJDEpump,WTIGRINO,2026-09-20T09:10:07.242127+00:00,2026-09-20T09:10:07.242127+00:00,,,False,WASH_TRADING,OBSERVE_WINDOW_ELAPSED,True,0.87,17773.842155192448,41167.48650064539,185,58,3.1897,3.189655172413793,243,100,3,1.1109383e-05,1.1497361e-05,1.1067809e-05,9209.405186,9190.889059,0.034923451644434333,-0.003742242030902898,0.034923451644434333,0.034923451644434333,0.034923451644434333,0.034923451644434333,,,,,,,,,,,,,,,,,,,,
27DHvmRNp5Qu2aMpkd5KWmU57XSLoUX9o1sWGfFjpump,SNC,2026-09-20T09:11:07.254085+00:00,2026-09-20T09:11:07.254085+00:00,,,False,WASH_TRADING,OBSERVE_WINDOW_ELAPSED,True,0.36,20268.110423779508,53922.591909511335,30,6,5.0,5.0,36,100,3,5.0679017e-05,5.2289474e-05,5.2289474e-05,19649.707861,19979.81371,0.031777589529804695,0.031777589529804695,0.031777589529804695,0.031777589529804695,0.031777589529804695,0.031777589529804695,,,,,,,,,,,,,,,,,,,,
EP4aq9M82HyXPyUnuNHuRvxQoG3rx3QFanxgSDFgpump,Apple,2026-09-20T09:12:07.100394+00:00,2026-09-20T09:12:07.100394+00:00,,,True,,TIER2_DISCARD:score=4.25,True,0.75,54855.80731835567,394808.9502965928,172,131,1.313,1.3129770992366412,303,100,7,0.000399939093,0.000424533145,0.000424533145,55213.576535,56862.402696,0.061494493612806345,0.061494493612806345,0.061494493612806345,0.061494493612806345,0.061494493612806345,0.061494493612806345,,,,,4.25,FLAT,FLAT,discard,,,,,,,,,,,0.519,skip_no_signal
J8qdnrmc4aY8LttSupXt1ouWqdugy8CkENAiTqyUpump,MLB,2026-09-20T09:13:07.291466+00:00,2026-09-20T09:13:07.291466+00:00,,,True,,TIER2_DISCARD:score=4.07,True,0.87,59574.21031631632,465580.9393966676,240,174,1.3793,1.3793103448275863,414,100,3,0.000469229251,0.000480786244,0.000480786244,59804.002671,60523.316485,0.024629736904445476,0.024629736904445476,0.024629736904445476,0.024629736904445476,0.024629736904445476,0.024629736904445476,,,,,4.07,FLAT,FLAT,discard,,,,,,,,,,,0.5667,skip_no_signal
3htq7M6NhPrLhkwrudJPGQnhus3kjWVSx91XqwYj424m,Gemini AI,2026-09-20T09:16:07.153375+00:00,2026-09-20T09:16:07.153375+00:00,,,False,LP_NOT_BURNED,OBSERVE_WINDOW_ELAPSED,False,0.68,21553.82186707302,53899.601307555706,22,1,22.0,22.0,23,0,3,5.3932429e-05,5.4064132e-05,5.4064132e-05,21560.06998,21594.600436,0.0024420001554166237,0.0024420001554166237,0.0024420001554166237,0.0024420001554166237,0.0024420001554166237,0.0024420001554166237,,,,,,,,,,,,,,,,,,,,
Ggw4xf4AMYFpiwNubY1pnUxQZ7ctFfUJjGEEVqdNpump,FOMO,2026-09-20T09:17:07.275956+00:00,2026-09-20T09:17:07.275956+00:00,,,False,WASH_TRADING,OBSERVE_WINDOW_ELAPSED,True,0.86,19100.729920121834,47928.9565656619,24,5,4.8,4.8,29,100,3,4.9651105e-05,5.3978893e-05,5.3978893e-05,19441.815757,20271.819237,0.08716398154683569,0.08716398154683569,0.08716398154683569,0.08716398154683569,0.08716398154683569,0.08716398154683569,,,,,,,,,,,,,,,,,,,,
FKhonptDpyyeAH94TkQz2Cy9A1tmmL72TrfjUio4pump,FAUCET,2026-09-20T09:18:07.264703+00:00,2026-09-20T09:18:07.264703+00:00,,,True,,TIER2_DISCARD:score=4.83,True,0.79,18231.869782351147,43540.30813021336,349,252,1.3849,1.3849206349206349,601,100,3,4.1433227e-05,4.48029e-05,3.4205816e-05,17786.171701,16167.882593,0.08132779520166245,-0.17443514597595788,0.08132779520166245,0.08132779520166245,0.08132779520166245,0.08132779520166245,,,,,4.83,FLAT,DECELERATING,discard,,,,,,,,,,,0.5649,skip_no_signal
A3qaTxisRjAXHnrbWaEh1THJnvaWYnsGiq9schPbpump,RICH,2026-09-20T09:18:07.462799+00:00,2026-09-20T09:18:07.462799+00:00,,,False,WASH_TRADING,OBSERVE_WINDOW_ELAPSED,True,0.86,554849.1526041781,40367646.00419978,15,1,15.0,15.0,16,100,3,0.040415008711,0.040537218767,0.040537218767,555175.239188,556123.044375,0.00302387800715076,0.00302387800715076,0.00302387800715076,0.00302387800715076,0.00302387800715076,0.00302387800715076,,,,,,,,,,,,,,,,,,,,
6FLmVAR5jWTwYstvZmQRAMC42T4ignUWXcxaUSdKpump,Vmaxsolana,2026-09-20T09:20:07.163064+00:00,2026-09-20T09:20:07.163064+00:00,,,False,WASH_TRADING,OBSERVE_WINDOW_ELAPSED,True,0.39,20550.183456763298,55265.62919016589,24,8,3.0,3.0,32,100,3,5.4074661e-05,5.4074661e-05,5.3602136e-05,20303.974594,20238.455818,0.0,-0.008738381180050325,0.0,0.0,0.0,0.0,,,,,,,,,,,,,,,,,,,,
9DMPCTh8TLsrkNMsA397eJCkv8bbVyiEi4SXq5YYpump,BULBATT,2026-09-20T09:23:07.287428+00:00,2026-09-20T09:23:07.287428+00:00,,,False,WASH_TRADING,OBSERVE_WINDOW_ELAPSED,True,0.25,19751.525581540263,51169.37777624426,26,5,5.2,5.2,31,100,2,5.2265715e-05,5.2265715e-05,1.2680957e-05,19982.374044,9853.524934,0.0,-0.7573752315451917,0.0,0.0,0.0,0.0,,,,,,,,,,,,,,,,,,,,
5MQpVUns2J5Ep2Teex75cibNjhPGor2PLvPzvoJXRTdj,Huawei,2026-09-20T09:24:07.277466+00:00,2026-09-20T09:24:07.277466+00:00,,,False,LP_NOT_BURNED,OBSERVE_WINDOW_ELAPSED,False,0.46,20915.365058454256,52295.51148844332,6,3,2.0,2.0,9,0,2,5.2334334e-05,5.2348909e-05,5.2348909e-05,20922.89545,20920.227464,0.000278497859550475,0.000278497859550475,0.000278497859550475,0.000278497859550475,0.000278497859550475,0.000278497859550475,,,,,,,,,,,,,,,,,,,,
A55rgv28Bek5zkwaA7gW9NNF4Sb7hidQf3GPX9Hvpump,SpongeBob,2026-09-20T09:24:07.408209+00:00,2026-09-20T09:24:07.408209+00:00,,,True,,TIER2_DISCARD:score=4.57,True,0.82,67111.36119388494,590073.5430453437,204,152,1.3421,1.3421052631578947,356,100,3,0.000598889808,0.000621946888,0.000621946888,67610.125855,68878.366715,0.03849970343793174,0.03849970343793174,0.03849970343793174,0.03849970343793174,0.03849970343793174,0.03849970343793174,,,,,4.57,FLAT,FLAT,discard,,,,,,,,,,,0.5628,skip_no_signal
9pByTeQwGw5bMxtQownz7totcY2s8wBbfJ75RttJpump,PSTATION,2026-09-20T09:24:07.528809+00:00,2026-09-20T09:24:07.528809+00:00,,,True,,TIER2_DISCARD:score=3.49,True,0.83,19747.803922909327,51082.72084592699,65,38,1.7105,1.7105263157894737,103,100,8,4.8176818e-05,5.9379708e-05,5.246848e-06,19193.075235,6399.920153,0.23253694339049136,-0.8910918525171172,0.23253694339049136,0.23253694339049136,0.23253694339049136,0.23253694339049136,,,,,3.49,DECELERATING,DECELERATING,discard,,,,,,,,,,,0.6034,skip_no_signal
BMusPdkzCTrkNtwfz9pmiEmctxM4WRqy7RWhhyXdpump,FOMO,2026-09-20T09:25:07.321821+00:00,2026-09-20T09:25:07.321821+00:00,,,False,WASH_TRADING,OBSERVE_WINDOW_ELAPSED,True,0.37,49127.98160958904,316446.7154191675,13,0,13.0,,13,100,3,0.000316446715,0.000324545278,0.000324545278,49127.98161,49750.966422,0.02559218540157704,0.02559218540157704,0.02559218540157704,0.02559218540157704,0.02559218540157704,0.02559218540157704,,,,,,,,,,,,,,,,,,,,
CyzfF7W8ScR7KotTmEH7gHomv3mfX8wnDJtX8g4Upump,JEANPHIL,2026-09-20T09:25:07.619581+00:00,2026-09-20T09:25:07.619581+00:00,,,False,WASH_TRADING,OBSERVE_WINDOW_ELAPSED,True,0.76,339736.547758844,15123334.993265623,10,0,10.0,,10,100,3,0.015123961929,0.015179289171,0.015179289171,339743.596591,340352.893124,0.0036582505470281745,0.0036582505470281745,0.0036582505470281745,0.0036582505470281745,0.0036582505470281745,0.0036582505470281745,,,,,,,,,,,,,,,,,,,,
2ZKMGehcZqJq8EYDSdrGcmSVtipqj6atvwMKpv2Jpump,Spermy,2026-09-20T09:25:07.829375+00:00,2026-09-20T09:25:07.829375+00:00,,,True,,TIER2_DISCARD:score=3.65,True,0.99,15142.098297256947,30076.913270492627,180,134,1.3433,1.3432835820895523,314,100,3,2.6939384e-05,2.6939384e-05,2.4860533e-05,14330.742861,13768.719119,0.0,-0.07716772588415532,0.0,0.0,0.0,0.0,,,,,3.65,FLAT,FLAT,discard,,,,,,,,,,,0.5618,skip_no_signal
D8Yn7V41gCErK11CVDxQESg7raqumftf1za3psrrc5GW,Minecraft,2026-09-20T09:28:07.135701+00:00,2026-09-20T09:28:07.135701+00:00,,,False,LP_NOT_BURNED,OBSERVE_WINDOW_ELAPSED,False,0.42,21564.05274940405,53923.28929447214,2,0,2.0,,2,0,3,5.3911458e-05,5.3993233e-05,5.3993233e-05,21561.665507,21577.465687,0.001516838962136724,0.001516838962136724,0.001516838962136724,0.001516838962136724,0.001516838962136724,0.001516838962136724,,,,,,,,,,,,,,,,,,,,
CRoCsJiFanKmRtHcQwpbPDhriHrcttS7BFZbQWnAqCw1,CROC,2026-09-20T09:29:07.264621+00:00,2026-09-20T09:29:07.264621+00:00,,,True,,TIER2_DISCARD:score=4.84,True,0.18,18959.496018646787,47140.0034551825,30,19,1.5789,1.5789473684210527,49,100,3,5.9114413e-05,7.8423827e-05,5.3237135e-05,21249.360228,20279.315006,0.32664477273926407,-0.09942208171804057,0.32664477273926407,0.32664477273926407,0.32664477273926407,0.32664477273926407,,,,,4.84,FLAT,DECELERATING,discard,,,,,,,,,,,0.637,skip_no_signal
EYm9EKtrGm8G6E1eXyUHhKdzPyTyPYnhgVSBj1eepump,DVL,2026-09-20T09:31:07.292461+00:00,2026-09-20T09:31:07.292461+00:00,,,True,,TIER2_DISCARD:score=3.69,True,1.34,12782.861956976602,21245.973656604743,34,31,1.0968,1.096774193548387,65,100,3,2.0335145e-05,2.0335145e-05,1.9918079e-05,12461.026736,12333.633644,0.0,-0.020509615249854396,0.0,0.0,0.0,0.0,,,,,3.69,DECELERATING,DECELERATING,discard,,,,,,,,,,,0.5075,skip_no_signal
7TQFpXmrZW1mryannJxJDLCys6iZiFe3uw2B2N2qpump,JEANWIFHAT,2026-09-20T09:37:07.164933+00:00,2026-09-20T09:37:07.164933+00:00,,,True,,TIER2_DISCARD:score=4.82,True,0.66,19703.761549170016,50809.318369293156,90,40,2.25,2.25,130,100,5,4.9530733e-05,5.6781182e-05,5.6781182e-05,19465.785838,20975.381786,0.14638283265462682,0.14638283265462682,0.14638283265462682,0.14638283265462682,0.14638283265462682,0.14638283265462682,,,,,4.82,FLAT,DECELERATING,discard,,,,,,,,,,,0.6441,skip_no_signal
3beENQTGurVUXpsijUaZKkh5T1LCQAE8zndhBmzHpump,HELLPAID,2026-09-20T09:37:07.272287+00:00,2026-09-20T09:37:07.272287+00:00,,,False,WASH_TRADING,OBSERVE_WINDOW_ELAPSED,True,0.81,20381.12925895572,54199.34363057115,40,12,3.3333,3.3333333333333335,52,100,3,5.400133e-05,5.900359e-05,5.6077872e-05,20302.188396,20753.695954,0.09263216294857912,0.03845353438517152,0.09263216294857912,0.09263216294857912,0.09263216294857912,0.09263216294857912,,,,,,,,,,,,,,,,,,,,
2Dgas9U53fdpR3qPKRx1Wj2DNFgDJpyJY9cpQjF6fjRX,META,2026-09-20T09:37:07.402942+00:00,2026-09-20T09:37:07.402942+00:00,,,False,LP_NOT_BURNED,OBSERVE_WINDOW_ELAPSED,False,0.92,20909.80636081044,52308.09718498088,51,1,51.0,51.0,52,0,3,5.2338279e-05,5.2436505e-05,5.2436505e-05,20918.458016,20940.402995,0.0018767525772100946,0.0018767525772100946,0.0018767525772100946,0.0018767525772100946,0.0018767525772100946,0.0018767525772100946,,,,,,,,,,,,,,,,,,,,
Hc6JxdtVWQXiZAWYDGKfUjKuzMq785ujWBzxzemepump,GIL,2026-09-20T09:40:07.180633+00:00,2026-09-20T09:40:07.180633+00:00,,,False,WASH_TRADING,OBSERVE_WINDOW_ELAPSED,True,0.98,20964.955063532172,57073.604374712704,39,15,2.6,2.6,54,100,3,5.4646695e-05,5.4646695e-05,1.5079342e-05,20439.216543,10762.985816,0.0,-0.7240575665188902,0.0,0.0,0.0,0.0,,,,,,,,,,,,,,,,,,,,
9aSNoUtKN5sFyAFNKFbcLk5SD3ewqfwvMuuVU1h3oasb,AMD,2026-09-20T09:44:07.150938+00:00,2026-09-20T09:44:07.150938+00:00,,,False,LP_NOT_BURNED,OBSERVE_WINDOW_ELAPSED,False,0.29,22686.884084841964,56740.78036108185,4,0,4.0,,4,0,3,5.6745864e-05,5.6822343e-05,5.6822343e-05,22691.465678,22704.441354,0.0013477458022315147,0.0013477458022315147,0.0013477458022315147,0.0013477458022315147,0.0013477458022315147,0.0013477458022315147,,,,,,,,,,,,,,,,,,,,
Fsd6Lea5QNXzCA8kG5L2NYPLtZ2isEL2cStzTsGypump,DY,2026-09-20T09:49:07.345354+00:00,2026-09-20T09:49:07.345354+00:00,,,True,,TIER2_DISCARD:score=4.07,True,0.54,59662.498047323825,465833.97042267944,149,99,1.5051,1.505050505050505,248,100,3,0.000467474853,0.000476509147,0.000476509147,59767.500766,60338.119834,0.019325732586518374,0.019325732586518374,0.019325732586518374,0.019325732586518374,0.019325732586518374,0.019325732586518374,,,,,4.07,FLAT,FLAT,discard,,,,,,,,,,,0.5878,skip_no_signal
CVmHzakpyozB8FkZDYQVRBYqhyDA9UkqRoBwTXLppump,Vmaxsolana,2026-09-20T09:50:07.163348+00:00,2026-09-20T09:50:07.163348+00:00,,,True,,TIER2_DISCARD:score=3.55,True,0.55,20219.988978507965,53410.34504388311,44,21,2.0952,2.0952380952380953,65,100,3,4.7178343e-05,4.8735126e-05,1.2195801e-05,18988.103,9660.727342,0.03299783122946898,-0.7414957748728055,0.03299783122946898,0.03299783122946898,0.03299783122946898,0.03299783122946898,,,,,3.55,DECELERATING,DECELERATING,discard,,,,,,,,,,,0.6036,skip_no_signal
Au8Xh5NvATLNVD3sEdoj5AthrjZA2L6VxE31WxjuMbbD,MSFT,2026-09-20T09:52:07.291074+00:00,2026-09-20T09:52:07.291074+00:00,,,False,LP_NOT_BURNED,OBSERVE_WINDOW_ELAPSED,False,0.28,21143.63066840416,52865.96847193653,5,3,1.6667,1.6666666666666667,8,0,3,5.2869313e-05,5.2951268e-05,5.2951268e-05,21144.300249,21160.199784,0.0015501430858388954,0.0015501430858388954,0.0015501430858388954,0.0015501430858388954,0.0015501430858388954,0.0015501430858388954,,,,,,,,,,,,,,,,,,,,
ER3uPHB69w7ZQYhC9Aj5LAudkxR9wFWRkKiGbgWQpump,USDW,2026-09-20T09:52:07.399688+00:00,2026-09-20T09:52:07.399688+00:00,,,True,,TIER2_DISCARD:score=4.81,True,0.98,22819.368112676464,67879.22517747854,278,151,1.8411,1.8410596026490067,429,100,8,7.3273135e-05,8.4830904e-05,7.866898e-05,23742.573438,24897.700738,0.15773542376752414,0.07364015474430019,0.15773542376752414,0.15773542376752414,0.15773542376752414,0.15773542376752414,,,,,4.81,FLAT,DECELERATING,discard,,,,,,,,,,,0.6416,skip_no_signal
7RpzKG8n8PfshpHC6ErogU9ntQAzBHK79Zog2LGzpump,RM,2026-09-20T09:54:07.359465+00:00,2026-09-20T09:54:07.359465+00:00,,,False,WASH_TRADING,OBSERVE_WINDOW_ELAPSED,True,0.08,64294.70125467493,541200.3887379882,9,1,9.0,9.0,10,100,3,0.000547978737,0.000559713788,0.000559713788,64695.795495,65376.756001,0.021415157573897003,0.021415157573897003,0.021415157573897003,0.021415157573897003,0.021415157573897003,0.021415157573897003,,,,,,,,,,,,,,,,,,,,
6aEAkJGtazLx42kMn3nxpQTP5HoBGppt3Jr8opbqpump,FLAMY,2026-09-20T09:58:07.362488+00:00,2026-09-20T09:58:07.362488+00:00,,,False,WASH_TRADING,OBSERVE_WINDOW_ELAPSED,True,0.82,19167.541692686376,47926.568329852525,35,8,4.375,4.375,43,100,3,4.8731768e-05,5.4800283e-05,5.4800283e-05,19274.617482,20433.370969,0.12452893151752664,0.12452893151752664,0.12452893151752664,0.12452893151752664,0.12452893151752664,0.12452893151752664,,,,,,,,,,,,,,,,,,,,
5H1UgNWoL2WGiH97vvo6X11rbyGW1mUFXqFC9havpump,Cet,2026-09-20T09:59:07.191464+00:00,2026-09-20T09:59:07.191464+00:00,,,False,WASH_TRADING,OBSERVE_WINDOW_ELAPSED,True,0.21,18700.536599025952,45860.1816911823,21,4,5.25,5.25,25,100,3,4.5808387e-05,5.8448926e-05,4.4704049e-05,18689.445801,18478.864864,0.2759437698603098,-0.024107768736759905,0.2759437698603098,0.2759437698603098,0.2759437698603098,0.2759437698603098,,,,,,,,,,,,,,,,,,,,
62oFKj7hYXD1p9yG1wA6antYfpkR4dGtBh9iXhWR8BWQ,Bybit,2026-09-20T10:00:07.191895+00:00,2026-09-20T10:00:07.191895+00:00,,,False,LP_NOT_BURNED,OBSERVE_WINDOW_ELAPSED,False,0.15,21932.741324848874,54854.88710105127,4,0,4.0,,4,0,3,5.4850983e-05,5.4964694e-05,5.4964694e-05,21933.294014,21962.854205,0.00207308955611607,0.00207308955611607,0.00207308955611607,0.00207308955611607,0.00207308955611607,0.00207308955611607,,,,,,,,,,,,,,,,,,,,
E7uE2cubPQVhoGpMo5msuasnYa1LjCJAbF7AfMGnpump,EYE,2026-09-20T10:00:07.475258+00:00,2026-09-20T10:00:07.475258+00:00,,,True,,TIER2_DISCARD:score=4.60,True,0.56,21595.370754457424,60782.156555941794,108,69,1.5652,1.565217391304348,177,100,3,5.6933328e-05,5.6933328e-05,4.2870375e-05,20885.294769,18164.169857,0.0,-0.24700739433324537,0.0,0.0,0.0,0.0,,,,,4.6,DECELERATING,FLAT,discard,,,,,,,,,,,0.5992,skip_no_signal
Fbgdh86wF76jgM8UjVciJtW8R5HPsLBrm4awZWodpump,BOB,2026-09-20T10:05:07.491573+00:00,2026-09-20T10:05:07.491573+00:00,,,True,,TIER2_DISCARD:score=4.56,True,0.1,17835.229619137448,41748.68097845762,30,24,1.25,1.25,54,100,3,4.025745e-05,4.2315337e-05,4.2315337e-05,17510.964196,17945.026259,0.05111816570597494,0.05111816570597494,0.05111816570597494,0.05111816570597494,0.05111816570597494,0.05111816570597494,,,,,4.56,DECELERATING,FLAT,discard,,,,,,,,,,,0.5462,skip_no_signal
3oUye5CzoA2NJQiF2hh9QD2ppNmTKWqUDAK9D9RUpump,JEANBULL,2026-09-20T10:07:07.367406+00:00,2026-09-20T10:07:07.367406+00:00,,,True,,TIER2_DISCARD:score=4.82,True,0.71,20119.234843553742,53061.574294698694,108,72,1.5,1.5,180,100,3,5.5044802e-05,6.093589e-05,6.093589e-05,20496.025335,21600.153756,0.10702351150250311,0.10702351150250311,0.10702351150250311,0.10702351150250311,0.10702351150250311,0.10702351150250311,,,,,4.82,FLAT,DECELERATING,discard,,,,,,,,,,,0.5733,skip_no_signal
9cPkayXSXuDJG1AHJ94F3hkSACXqXJ65RQVyu68Bpump,RCITY,2026-09-20T10:07:07.639472+00:00,2026-09-20T10:07:07.639472+00:00,,,True,,TIER2_DISCARD:score=4.83,True,0.96,17501.474407658196,40076.36251556315,225,126,1.7857,1.7857142857142858,351,100,4,4.2770792e-05,6.1577817e-05,5.2036663e-05,18084.596578,20008.773292,0.43971654768515855,0.21664015480470877,0.43971654768515855,0.43971654768515855,0.43971654768515855,0.43971654768515855,,,,,4.83,FLAT,DECELERATING,discard,,,,,,,,,,,0.6331,skip_no_signal
bg5gXa6fgGmBqRrLJcnYy7LKWpM3t8JDH2gTqZwpump,Plap,2026-09-20T10:08:07.336485+00:00,2026-09-20T10:08:07.336485+00:00,,,True,,TIER2_DISCARD:score=4.65,True,0.16,18048.0232394056,42859.61783973977,26,32,0.8125,0.8125,58,100,8,3.8669392e-05,3.8669392e-05,4.204211e-06,17147.432966,5654.953874,0.0,-0.8912780681940901,0.0,0.0,0.0,0.0,,,,,4.65,DECELERATING,FLAT,discard,,,,,,,,,,,0.3714,skip_no_signal
6stbUsxZTZMc9RBfDQSeBETXnNc8EdQJrfQ2MnjsH3Vb,Amazon,2026-09-20T10:08:07.513131+00:00,2026-09-20T10:08:07.513131+00:00,,,False,LP_NOT_BURNED,OBSERVE_WINDOW_ELAPSED,False,0.36,21476.77120239268,53706.60661021227,4,0,4.0,,4,0,3,5.3738288e-05,5.3838168e-05,5.3838168e-05,21487.427825,21510.118881,0.0018586375509395126,0.0018586375509395126,0.0018586375509395126,0.0018586375509395126,0.0018586375509395126,0.0018586375509395126,,,,,,,,,,,,,,,,,,,,
sdyKwWzC8EnriZWBBwm8YX25nKGmtQdZAHBEGLUpump,INU,2026-09-20T10:08:07.717211+00:00,2026-09-20T10:08:07.717211+00:00,,,True,,TIER2_DISCARD:score=4.65,True,0.43,16722.264303643744,36793.05091066399,70,55,1.2727,1.2727272727272727,125,100,3,3.3853226e-05,3.3853226e-05,1.5531309e-05,16044.226726,10870.237134,0.0,-0.5412162787676424,0.0,0.0,0.0,0.0,,,,,4.65,FLAT,DECELERATING,discard,,,,,,,,,,,0.5403,skip_no_signal
2RvEH9QCfTKD4UuSEff4naixKiwwEg24RVAHVWaMpump,WhitePhil,2026-09-20T10:09:07.334370+00:00,2026-09-20T10:09:07.334370+00:00,,,False,WASH_TRADING,OBSERVE_WINDOW_ELAPSED,True,0.66,18843.34854112536,46637.60433682132,113,43,2.6279,2.627906976744186,156,100,3,9.97369e-06,1.057287e-05,1.057287e-05,8719.467344,8976.05062,0.060076060114160335,0.060076060114160335,0.060076060114160335,0.060076060114160335,0.060076060114160335,0.060076060114160335,,,,,,,,,,,,,,,,,,,,
Di2eQy2NDn5uWHqpY3PNVRzFJUjbNcbFny696E3vpump,INT,2026-09-20T10:09:07.450638+00:00,2026-09-20T10:09:07.450638+00:00,,,True,,TIER2_DISCARD:score=4.32,True,0.9,19509.09056388369,50029.78047253585,40,23,1.7391,1.7391304347826086,63,100,3,1.7538794e-05,1.7538794e-05,1.4121916e-05,11562.60067,10373.793206,0.0,-0.19481829822506602,0.0,0.0,0.0,0.0,,,,,4.32,FLAT,SPIKE,discard,,,,,,,,,,,0.5542,skip_no_signal
3XWeHs8aQXnbrRrrKZ33pkSUXvARtPMCNLr65GxMpump,FLAMY,2026-09-20T10:10:07.726902+00:00,2026-09-20T10:10:07.726902+00:00,,,False,WASH_TRADING,OBSERVE_WINDOW_ELAPSED,True,0.3,17973.9961250988,42454.55016370941,21,3,7.0,7.0,24,100,2,4.4316226e-05,4.5878015e-05,4.5878015e-05,18355.947566,18674.543222,0.035241922450706786,0.035241922450706786,0.035241922450706786,0.035241922450706786,0.035241922450706786,0.035241922450706786,,,,,,,,,,,,,,,,,,,,
EsyD7uZr8JzgMLMhtcMttgLyLShnXWGNsPVMXjH8LJPv,Redbull,2026-09-20T10:15:07.348937+00:00,2026-09-20T10:15:07.348937+00:00,,,False,LP_NOT_BURNED,OBSERVE_WINDOW_ELAPSED,False,0.69,22397.510505859304,56016.68357061534,25,1,25.0,25.0,26,0,3,5.6020597e-05,5.6123706e-05,5.6123706e-05,22398.293932,22426.671861,0.0018405551800884101,0.0018405551800884101,0.0018405551800884101,0.0018405551800884101,0.0018405551800884101,0.0018405551800884101,,,,,,,,,,,,,,,,,,,,
AYwawGbQZ1kkghm5ru18wtHZUTnQFKxCeKs2nDd4pump,CKY,2026-09-20T10:17:07.368849+00:00,2026-09-20T10:17:07.368849+00:00,,,False,WASH_TRADING,OBSERVE_WINDOW_ELAPSED,True,0.4,18028.780742375395,42635.07401128246,57,14,4.0714,4.071428571428571,71,100,3,5.0329304e-05,5.0329304e-05,1.3639675e-05,19576.73788,10208.665562,0.0,-0.7289913844228801,0.0,0.0,0.0,0.0,,,,,,,,,,,,,,,,,,,,
DDUSTAaj3nvDmcyrVvL6crfdDxT48Xbeb8CMg5MowiYk,TikTok,2026-09-20T10:19:07.394848+00:00,2026-09-20T10:19:07.394848+00:00,,,True,,TIER2_DISCARD:score=4.26,True,0.79,50228.1697701503,331468.7938797665,175,105,1.6667,1.6666666666666667,280,100,8,0.00033252069,0.000361574759,0.000361574759,50307.805236,52464.650361,0.0873752216741761,0.0873752216741761,0.0873752216741761,0.0873752216741761,0.0873752216741761,0.0873752216741761,,,,,4.26,FLAT,FLAT,discard,,,,,,,,,,,0.5593,skip_no_signal
ERAWSrGSZeP8sxUgK1JxaeUSNn5RV8Jfpo9oCMtJTRyT,MSFT,2026-09-20T10:24:07.235493+00:00,2026-09-20T10:24:07.235493+00:00,,,False,LP_NOT_BURNED,OBSERVE_WINDOW_ELAPSED,False,0.61,21455.5243864248,53666.48835803252,22,2,11.0,11.0,24,0,3,5.3667287e-05,5.3743854e-05,5.3743854e-05,21454.939531,21468.192529,0.0014266977945056603,0.0014266977945056603,0.0014266977945056603,0.0014266977945056603,0.0014266977945056603,0.0014266977945056603,,,,,,,,,,,,,,,,,,,,
141y2DE5iZDr7EB3C6QpcAAq5eYPvVV6oCUCQjCupump,Instagram,2026-09-20T10:28:07.355004+00:00,2026-09-20T10:28:07.355004+00:00,,,False,WASH_TRADING,OBSERVE_WINDOW_ELAPSED,True,0.7,67535.75196514944,599152.5740330567,247,63,3.9206,3.9206349206349205,310,100,3,0.000611127933,0.000640852944,0.000640852944,68207.782257,69847.927797,0.04863958820223013,0.04863958820223013,0.04863958820223013,0.04863958820223013,0.04863958820223013,0.04863958820223013,,,,,,,,,,,,,,,,,,,,
GNAKz5Ugzz153Yod92Ls1zXF6faJq7h1mSHPZbrdpump,GAZE,2026-09-20T10:29:07.367300+00:00,2026-09-20T10:29:07.367300+00:00,,,True,,TIER2_DISCARD:score=4.62,True,0.83,17152.954979668237,38609.55944869323,224,145,1.5448,1.5448275862068965,369,100,3,3.7960237e-05,6.1827476e-05,6.1827476e-05,17009.129221,21757.615154,0.6287431503654732,0.6287431503654732,0.6287431503654732,0.6287431503654732,0.6287431503654732,0.6287431503654732,,,,,4.62,DECELERATING,ACCELERATING,discard,,,,,,,,,,,0.6119,skip_no_signal
Bwws7YtfsUZaywkwN9QutzicLeCZQBfxuNsPQRMUpump,Donald Duck,2026-09-20T10:30:07.380475+00:00,2026-09-20T10:30:07.380475+00:00,,,True,,TIER2_DISCARD:score=4.07,True,0.93,59469.517173341505,464298.62069148995,235,182,1.2912,1.2912087912087913,417,100,3,0.000469008002,0.00047955744,0.00047955744,59753.854103,60474.930889,0.0224930874420346,0.0224930874420346,0.0224930874420346,0.0224930874420346,0.0224930874420346,0.0224930874420346,,,,,4.07,FLAT,FLAT,discard,,,,,,,,,,,0.5556,skip_no_signal
DAtw6LFG8ZLvHbzPUp3aXaDRsGmyUyRXRWgQmytvuwgM,TikTok,2026-09-20T10:31:07.368096+00:00,2026-09-20T10:31:07.368096+00:00,,,False,LP_NOT_BURNED,OBSERVE_WINDOW_ELAPSED,False,0.79,22488.471856975688,56241.09192468626,34,2,17.0,17.0,36,0,3,5.630373e-05,5.6333885e-05,5.6333885e-05,22509.373104,22503.973874,0.0005355773054467328,0.0005355773054467328,0.0005355773054467328,0.0005355773054467328,0.0005355773054467328,0.0005355773054467328,,,,,,,,,,,,,,,,,,,,
73fiS3Gkqs7jEbgmDS64tpgMCCmyhCDbgFMkVibhpump,RICH,2026-09-20T10:32:07.424004+00:00,2026-09-20T10:32:07.424004+00:00,,,False,WASH_TRADING,OBSERVE_WINDOW_ELAPSED,True,0.23,444103.75330699165,25870630.95598928,31,12,2.5833,2.5833333333333335,43,100,3,0.025889180311,0.025953570997,0.000432016205,444232.792035,57783.36067,0.002487165882677278,-0.9833128666180118,0.002487165882677278,0.002487165882677278,0.002487165882677278,0.002487165882677278,,,,,,,,,,,,,,,,,,,,
BZJdM6E7EgyzxsSEHrfva8Dge6RAHwtHNWJm9P4Epump,NBA,2026-09-20T10:33:07.371814+00:00,2026-09-20T10:33:07.371814+00:00,,,True,,TIER2_DISCARD:score=4.08,True,0.98,66967.49962752638,588340.2455930002,262,192,1.3646,1.3645833333333333,454,100,3,0.00059087827,0.000613590338,0.000613590338,67106.179003,68387.636006,0.03843781224176679,0.03843781224176679,0.03843781224176679,0.03843781224176679,0.03843781224176679,0.03843781224176679,,,,,4.08,FLAT,FLAT,discard,,,,,,,,,,,0.5669,skip_no_signal
Eu98ofLBJdELWHhEvFFfwDZZRnqLFms7PMXcbenCpump,JELLOOP,2026-09-20T10:34:07.381770+00:00,2026-09-20T10:34:07.381770+00:00,,,False,WASH_TRADING,OBSERVE_WINDOW_ELAPSED,True,0.31,19560.72824387499,50244.47960890703,33,9,3.6667,3.6666666666666665,42,100,3,5.3463098e-05,5.3463098e-05,5.0155943e-05,20189.932827,19594.972996,0.0,-0.06185864874497171,0.0,0.0,0.0,0.0,,,,,,,,,,,,,,,,,,,,
mRM3nytcbh5Qx8T3jT3mmqcnML6GkaD18oPMw8epump,NVIDIA,2026-09-20T10:35:07.415876+00:00,2026-09-20T10:35:07.415876+00:00,,,False,WASH_TRADING,OBSERVE_WINDOW_ELAPSED,True,0.86,49543.57538390168,322106.08302991145,30,2,15.0,15.0,32,100,3,0.000323805034,0.000331028637,0.000331028637,49673.91609,50205.226235,0.02230849505570065,0.02230849505570065,0.02230849505570065,0.02230849505570065,0.02230849505570065,0.02230849505570065,,,,,,,,,,,,,,,,,,,,
CLoizLxJyLEL7DfYtSygTJEyUzxN8jYBmDDnpPkQ1JTD,Huawei,2026-09-20T10:39:07.352951+00:00,2026-09-20T10:39:07.352951+00:00,,,False,LP_NOT_BURNED,OBSERVE_WINDOW_ELAPSED,False,0.43,21933.422832479864,54841.76085625919,4,1,4.0,4.0,5,0,3,5.4856287e-05,5.4927541e-05,5.4927541e-05,21934.822756,21945.264382,0.0012989213068685945,0.0012989213068685945,0.0012989213068685945,0.0012989213068685945,0.0012989213068685945,0.0012989213068685945,,,,,,,,,,,,,,,,,,,,
Eiks1GFZHpnNFZMDcA9Mv5omULNhdn4q7fknd1Nvpump,RETIGR,2026-09-20T10:45:07.249264+00:00,2026-09-20T10:45:07.249264+00:00,,,False,WASH_TRADING,OBSERVE_WINDOW_ELAPSED,True,0.45,22442.48703369982,66225.14850296655,69,21,3.2857,3.2857142857142856,90,100,3,6.5192178e-05,7.8696458e-05,6.6798226e-05,22280.804521,22599.938151,0.20714571002674598,0.024635593552343016,0.20714571002674598,0.20714571002674598,0.20714571002674598,0.20714571002674598,,,,,,,,,,,,,,,,,,,,
EY8DhAYo6i5gpPjP2469ac2o1qySd4Uz1c7QZrKhEPsW,META,2026-09-20T10:48:07.254185+00:00,2026-09-20T10:48:07.254185+00:00,,,False,LP_NOT_BURNED,OBSERVE_WINDOW_ELAPSED,False,0.18,22677.380680532086,56699.863612905436,6,4,1.5,1.5,10,0,3,5.6734471e-05,5.6825768e-05,5.6825768e-05,22684.306861,22703.001013,0.0016091980482202395,0.0016091980482202395,0.0016091980482202395,0.0016091980482202395,0.0016091980482202395,0.0016091980482202395,,,,,,,,,,,,,,,,,,,,
9YzSXawPRLofkZ3oNcdJBCWaooaYZqSJbiXicjeopump,CROCO,2026-09-20T10:48:07.377819+00:00,2026-09-20T10:48:07.377819+00:00,,,True,,TIER2_DISCARD:score=4.80,True,0.51,19890.581602413997,51976.02730475105,72,31,2.3226,2.3225806451612905,103,100,3,5.9011119e-05,5.9011119e-05,5.5904324e-05,21230.430963,20712.590791,0.0,-0.052647620527243366,0.0,0.0,0.0,0.0,,,,,4.8,FLAT,DECELERATING,discard,,,,,,,,,,,0.5906,skip_no_signal
3TavHyApmcafdT9cc1HcJigzR891wBDDHTNPPWRgpump,PEPE,2026-09-20T10:50:07.397767+00:00,2026-09-20T10:50:07.397767+00:00,,,False,WASH_TRADING,OBSERVE_WINDOW_ELAPSED,True,0.92,661170.4691528487,57399976.66407569,119,5,23.8,23.8,124,100,3,0.057478630799,0.057665253492,0.057665253492,661620.95873,662786.391376,0.0032468186942833377,0.0032468186942833377,0.0032468186942833377,0.0032468186942833377,0.0032468186942833377,0.0032468186942833377,,,,,,,,,,,,,,,,,,,,
7mKSjqciTp3zt1LCnV2mAsqe6yBubJBoiJq9Qfvspump,SUKI,2026-09-20T10:52:07.396884+00:00,2026-09-20T10:52:07.396884+00:00,,,False,WASH_TRADING,OBSERVE_WINDOW_ELAPSED,True,0.12,30392.044850737955,121478.07118426087,12,0,12.0,,12,100,3,0.000126738807,0.000134344914,0.000134344914,31045.548082,31986.102455,0.060014033428609004,0.060014033428609004,0.060014033428609004,0.060014033428609004,0.060014033428609004,0.060014033428609004,,,,,,,,,,,,,,,,,,,,
E8WUwCnfUK3FWD3oPyARaHKa1Q9sYJ3gNyBuUmR28cGd,Minecraft,2026-09-20T10:57:07.353150+00:00,2026-09-20T10:57:07.353150+00:00,,,False,LP_NOT_BURNED,OBSERVE_WINDOW_ELAPSED,False,0.74,21471.706372389148,53694.18719014528,27,2,13.5,13.5,29,0,2,5.3779792e-05,5.3826614e-05,5.3826614e-05,21487.419397,21498.618296,0.0008706244159517595,0.0008706244159517595,0.0008706244159517595,0.0008706244159517595,0.0008706244159517595,0.0008706244159517595,,,,,,,,,,,,,,,,,,,,
3HRDF4a9G1WM4GgCj38eFNT84iy6qaEDsQgXjgLdnCAu,ELON,2026-09-20T11:01:07.445692+00:00,2026-09-20T11:01:07.445692+00:00,,,False,LP_NOT_BURNED,OBSERVE_WINDOW_ELAPSED,False,0.17,21864.52707522383,54668.67938231284,2,1,2.0,2.0,3,0,3,5.4668679e-05,5.4727698e-05,5.4727698e-05,21864.527075,21871.876936,0.0010795761134085868,0.0010795761134085868,0.0010795761134085868,0.0010795761134085868,0.0010795761134085868,0.0010795761134085868,,,,,,,,,,,,,,,,,,,,
5uzeJGJpRpc1XUPwvARAMAxShi8K5SKDX3zqfAX6pump,JWEAN,2026-09-20T11:02:07.434590+00:00,2026-09-20T11:02:07.434590+00:00,,,False,WASH_TRADING,OBSERVE_WINDOW_ELAPSED,True,0.37,19699.08663418322,51010.47903266946,73,20,3.65,3.65,93,100,3,5.3183802e-05,5.3183802e-05,1.1130727e-05,20117.735239,9217.209077,0.0,-0.7907120856083212,0.0,0.0,0.0,0.0,,,,,,,,,,,,,,,,,,,,
HCTMtiGzTshFmpKFBarV3W5uUHsh6Jfsecw6BcEkpump,Vmaxsolana,2026-09-20T11:03:07.471424+00:00,2026-09-20T11:03:07.471424+00:00,2026-09-20T11:13:45.980995+00:00,,True,,TIER2_DISCARD:score=4.82,True,0.73,19844.3243177185,51786.09213020382,52,36,1.4444,1.4444444444444444,88,100,19,5.5014335e-05,0.00011629506,2.087432e-06,20454.669928,4036.84237,1.1139046759358266,-0.962056580344014,0.14461376294015005,1.1139046759358266,1.1139046759358266,1.1139046759358266,0.9947421303780073,0.9947421303780073,0.9947421303780073,0.9947421303780073,4.82,FLAT,DECELERATING,discard,rolling_window_v1,4.1046,1.9359,10.0,0.6031,0.6087,0.6046,1.0575,1.1083,0.9359,0.5895,skip_no_signal
FTmDm6GanqLheJyoUs8Ak6YNjv6S8soTTgVphUCv1WCu,Polymarket,2026-09-20T11:05:07.342197+00:00,2026-09-20T11:05:07.342197+00:00,,,False,LP_NOT_BURNED,OBSERVE_WINDOW_ELAPSED,False,0.93,21527.471618685617,53846.06906386642,54,3,18.0,18.0,57,0,3,5.3852278e-05,5.3952777e-05,5.3952777e-05,21528.714284,21551.251888,0.0018661977493319437,0.0018661977493319437,0.0018661977493319437,0.0018661977493319437,0.0018661977493319437,0.0018661977493319437,,,,,,,,,,,,,,,,,,,,
C13af7m2WYAvMujmwdmACN8Prg92aF66vn3fM7vBpump,H9N2,2026-09-20T11:06:07.442767+00:00,2026-09-20T11:06:07.442767+00:00,,,True,,TIER2_DISCARD:score=3.61,True,0.67,17551.02163039979,40515.27009435111,106,71,1.493,1.4929577464788732,177,100,3,4.1509038e-05,4.1509038e-05,2.0345853e-05,17765.056661,12449.485626,0.0,-0.5098452293690835,0.0,0.0,0.0,0.0,,,,,3.61,DECELERATING,DECELERATING,discard,,,,,,,,,,,0.5938,skip_no_signal
JDSEZPPjTDPX4WCGhhE9HJP4ULo5uSexMeRXwXeVGUCS,KILROY,2026-09-20T11:08:07.518394+00:00,2026-09-20T11:08:07.518394+00:00,,,False,LP_NOT_BURNED,OBSERVE_WINDOW_ELAPSED,False,0.41,18491.20339603431,46474.178840297616,139,6,23.1667,23.166666666666668,145,0,3,4.6662851e-05,4.7948567e-05,4.7948567e-05,18528.747139,18774.187568,0.027553310019569954,0.027553310019569954,0.027553310019569954,0.027553310019569954,0.027553310019569954,0.027553310019569954,,,,,,,,,,,,,,,,,,,,
HAjsKngvHE8UbkbK1KKujZozowUXuxE5eEwiT4GfatjG,H9N2,2026-09-20T11:08:07.754754+00:00,2026-09-20T11:08:07.754754+00:00,,,False,LP_NOT_BURNED,OBSERVE_WINDOW_ELAPSED,False,0.8,12961.279998430029,37856.704170567944,134,79,1.6962,1.6962025316455696,213,0,3,5.6809807e-05,6.4703958e-05,6.1531648e-05,15888.22065,16674.748727,0.1389575394966578,0.0831166527286391,0.1389575394966578,0.1389575394966578,0.1389575394966578,0.1389575394966578,,,,,,,,,,,,,,,,,,,,
EiMvo8VhCF3BYRyvkAjvHPX6LvuP3iEHtgEyBTDYpump,Spider-Man,2026-09-20T11:10:07.533377+00:00,2026-09-20T11:10:07.533377+00:00,2026-09-20T11:13:47.348834+00:00,,True,,TIER2_DISCARD:score=4.07,True,0.56,61528.31254742971,496951.82467606984,151,104,1.4519,1.4519230769230769,255,100,16,0.000498584897,0.000626400878,0.000219154716,61617.207249,40929.259635,0.2563575065531918,-0.5604465411634801,0.2563575065531918,0.2563575065531918,0.2563575065531918,0.2563575065531918,0.0,0.0,0.0,0.0,4.07,FLAT,FLAT,discard,rolling_window_v1,4.0569,4.5,3.504941,0.5826,0.5654,0.5569,1.0000,1.0238,1.0185,0.5826,skip_no_signal
uiQNceKYCeRn8PvA1tAksfBVb2b3aDuUVUAkMbtpump,deFLOCK,2026-09-20T11:12:07.480167+00:00,2026-09-20T11:12:07.480167+00:00,2026-09-20T11:13:46.256869+00:00,,True,,TIER2_DISCARD:score=4.83,True,0.52,19872.587869490264,51867.23292844076,152,103,1.4757,1.4757281553398058,255,100,16,6.1242652e-05,0.00012133258,0.00012133258,21598.317775,30708.298637,0.9811777582721268,0.9811777582721268,0.46726874270565544,0.9811777582721268,0.9811777582721268,0.9811777582721268,0.07278810901019517,0.44853078311379235,0.44853078311379235,0.44853078311379235,4.83,FLAT,DECELERATING,discard,rolling_window_v1,4.0682,2.0,10.0,0.5935,0.5773,0.5682,3.3563,3.7543,3.1438,0.5935,skip_no_signal
EJ49wSkF2U7p6cix1UMTH2dLR13DtwTriLpQgxAjpump,ROBINPHIL,2026-09-20T11:12:07.644015+00:00,2026-09-20T11:12:07.644015+00:00,2026-09-20T11:13:46.957953+00:00,,True,,TIER2_DISCARD:score=4.65,True,0.55,20085.085984737067,52879.444922409544,163,118,1.3814,1.38135593220339,281,100,16,5.3136168e-05,0.000127059707,5.011254e-06,20148.494944,6365.506436,1.3912094489011704,-0.9056903388291003,0.6157995811816914,1.3912094489011704,1.3912094489011704,1.3912094489011704,2.6134433940473354,3.0203511047226357,3.0203511047226357,3.0203511047226357,4.65,DECELERATING,FLAT,discard,rolling_window_v1,1.5753,4.3551,10.0,0.5945,0.5987,0.5753,1.4820,0.6419,0.8551,0.5945,skip_no_signal
BQGSvUxdsLsDkQSxSCqN1iTANwfEtEN6zXewdDq8SjRe,Bybit,2026-09-20T11:12:07.775254+00:00,2026-09-20T11:12:07.775254+00:00,,,False,LP_NOT_BURNED,,False,0.71,21951.419552694635,54893.04487275998,23,1,23.0,23.0,24,0,17,5.4898039e-05,7.6796062e-05,0.0,21949.829321,0.0,0.398885340877112,-1.0,0.12811865647878595,0.398885340877112,0.398885340877112,0.398885340877112,,,,,,,,,,,,,,,,,,,,
9KKezEtXbyYEgavemhwUPdzmGfvRWsZWAJcronkipump,Cupcoin,2026-09-20T11:15:44.000065+00:00,2026-09-20T11:15:44.000065+00:00,2026-09-20T11:15:44.000065+00:00,,False,WASH_TRADING,,True,0.08,19241.649386276502,48716.27535587494,19,5,3.8,3.8,24,100,10,5.0232131e-05,5.0232131e-05,1.0245112e-05,19539.500391,8835.760773,0.0,-0.7960446472000162,0.0,0.0,0.0,0.0,0.0,0.0,0.0,0.0,,,,,,,,,,,,,,,,
cHPtwiAZMGXftkQgrf58armZ85AS8fatQH5uPSZpump,STARBUCKS,2026-09-20T11:18:44.015284+00:00,2026-09-20T11:18:44.015284+00:00,2026-09-20T11:18:44.015284+00:00,,False,WASH_TRADING,,True,0.13,69442.62121095245,634004.1940729859,10,0,10.0,,10,100,4,0.000649316152,0.000706861922,0.000706861922,70276.84145,73359.893494,0.0886251940949716,0.0886251940949716,0.0886251940949716,0.0886251940949716,0.0886251940949716,0.0886251940949716,0.0886251940949716,0.0886251940949716,0.0886251940949716,0.0886251940949716,,,,,,,,,,,,,,,,
